,Count0,Freq0,Count1,Freq1,Count2,Freq2,Count3,Freq3,Count4,Freq4,Count5,Freq5,Count6,Freq6,Count7,Freq7,Count8,Freq8,Count9,Freq9
AAA,104440,0.03772628001684751,103770,0.037397572923825645,104441,0.03764065555525922,103847,0.03740067017022208,104012,0.037537208073610634,103798,0.037484719626590106,104456,0.03770377185709557,103778,0.03745150211277746,103502,0.037303905985881736,103705,0.037403816953030716
AAC,39568,0.014292928453721009,39622,0.014279335399323695,40151,0.014470466207707828,39841,0.014348802567737325,39566,0.014279094476026596,40183,0.014511344040880078,40218,0.01451683289182689,39893,0.01439662330922769,40222,0.014496702542599516,39562,0.014269030483542753
AAG,54422,0.019658556214830286,54853,0.019768421196787202,55026,0.01983143317838487,54603,0.019665361477025203,54370,0.01962175521057388,54482,0.019675162283433998,54500,0.019671972564636868,54353,0.019614961690683896,54509,0.01964598376248215,55037,0.019850478507728187
AAT,67094,0.024235992258237905,66684,0.0240321841847585,67221,0.02422652509148783,67358,0.02425909599050352,67617,0.0244025054639208,66629,0.02406182569991784,67251,0.024274492237511817,67322,0.024295226591728537,66950,0.024129934742853108,66908,0.0241320532731631
ACA,54960,0.019852894960991373,55389,0.019961589733813036,55484,0.019996496900910588,55771,0.020086018624163007,55392,0.01999058790921663,55954,0.020206747740671525,55617,0.020075157763805664,55201,0.019920988727162102,55950,0.02016534501661884,55331,0.019956517003308832
ACC,32840,0.011862610453401687,33083,0.011922751325420871,32769,0.011809984985688471,32852,0.011831702566584841,32819,0.011844149057491706,32922,0.011889168765743073,32946,0.011891978130541766,32495,0.011726826120706735,32883,0.011851600360705582,32735,0.01180670120011051
ACG,7366,0.002660779190004775,7261,0.0026167849763891107,7274,0.0026215578988036843,7263,0.0026157815579296753,7224,0.002607091404104942,7242,0.002615313778066683,7241,0.0026136651989089096,7210,0.002601951571943239,7260,0.002616629219314616,7182,0.002590368963470099
ACT,44009,0.015897126170638088,43608,0.01571584619892251,44270,0.01595495850701665,44203,0.015919784139496827,44349,0.016005245941396743,44297,0.01599703872231702,44642,0.01611369172900035,44166,0.015938667562613744,44355,0.01598630702792008,44132,0.01591731594205826
AGA,60910,0.022002180350691132,61340,0.02210626503948603,61423,0.022136919276631663,61321,0.02208486037640171,60663,0.021892855183723435,60874,0.02198351435045999,61152,0.022073036078397685,60854,0.021961048676703728,61397,0.02212853776560048,61183,0.022067188010580767
AGC,39039,0.014101840727477114,39808,0.01434636776478415,39078,0.014083755783537308,39684,0.01429225875600733,39174,0.014137624399834856,39367,0.014216660798281015,39469,0.014246478626672525,39193,0.014144006651757472,39318,0.014170885350552628,38999,0.014065970371257364
AGG,49629,0.01792720749670744,50197,0.0180904497259061,49939,0.017998072574698543,50313,0.01812031082529475,50568,0.018249639828734593,50133,0.018104601717179925,50428,0.01820216940347721,50320,0.018159528862716198,50690,0.018269550292983182,50477,0.018205799800763044
AGT,44362,0.0160246383962791,44324,0.015973884767039103,44651,0.01609227134169416,44105,0.015884489276123962,43944,0.015859084255535377,44334,0.01601040058503291,44080,0.015910835791728313,44088,0.015910518849352778,44357,0.01598702786241576,44225,0.015950858731476624
ATA,54922,0.019839168432452113,55302,0.0199302358854525,55021,0.01982963117268044,55459,0.019973651304037155,54988,0.019844787116406776,54919,0.01983297671605139,54744,0.019760045249146437,54601,0.0197044601636162,54622,0.019686710911488013,55574,0.020044161065982634
ATC,36975,0.013356273493134207,36615,0.013195645491046314,36885,0.013293396081574637,36910,0.013293198031555048,37092,0.013386245066591985,36611,0.01322138259165967,36692,0.013244110409938642,37146,0.013405283369126707,36787,0.013258669296270906,36770,0.01326202545068164
ATG,50380,0.018198487047575426,50067,0.018043599147896102,50332,0.018139710223066683,50264,0.018102663393608318,50319,0.01815977745890872,50009,0.01805982142051046,50395,0.018190257933850918,50430,0.01819922576603295,50718,0.018279641975922686,50128,0.018079924171655406
ATT,67262,0.02429667796335884,67245,0.024234362448324713,67334,0.02426725042040793,67442,0.024289348730537404,67604,0.024397813854251174,67016,0.024201583561297545,66729,0.02408607444524135,67181,0.02424434237929525,66990,0.024144351432766685,66864,0.024116183566341504
CAG,57343,0.020713692790177006,57543,0.020737867772532514,57093,0.020576382336595925,57871,0.020842337125010085,57424,0.020723922589884022,57579,0.020793586305896374,57578,0.02078298782250755,57253,0.02066151641448908,57698,0.020795354365842247,57097,0.02059346932710279
CCG,8306,0.0030003301591338127,8520,0.003070514804962846,8299,0.0029909690682116824,8300,0.002989258836681303,8269,0.002984224642932415,8191,0.002958027500157995,8232,0.0029713702413227652,8104,0.002924579131626631,8301,0.0029918235743155138,8380,0.003022457799203485
CGG,8295,0.0029963566903461326,8413,0.0030319531753700024,8373,0.0030176387526372355,8144,0.0029330751766183777,8345,0.0030116525148471403,8164,0.002948276951689644,8212,0.002964151168821981,8215,0.002964636915882623,8317,0.0029975902502809453,8356,0.003013801595482616
CTG,57503,0.02077148869981599,57455,0.020706153535110364,57586,0.02075406009905265,57392,0.020669824476483536,57542,0.02076650796996215,57711,0.02084125565396387,57542,0.02076999349200614,57584,0.02078096800537857,57582,0.02075354596509287,57092,0.02059166595132761
GAG,47057,0.016998138249260754,48044,0.017314532076248234,47988,0.017294929948830248,47810,0.017218851202618447,47616,0.01718428354067842,47732,0.017237525166346163,47770,0.017242754668122993,47694,0.01721185551626364,48192,0.017369228007880162,47791,0.01723702633433577
GCG,7255,0.0026206832776927294,7324,0.0026394894872708782,7183,0.002588761394983072,7175,0.002584088211227512,7157,0.0025829115696538027,7203,0.0026012296525012866,7234,0.002611138523533635,7091,0.0025590067401733024,7301,0.0026314063264760348,7311,0.002636896058469771
GGG,37767,0.013642363245847184,38276,0.013794251722389423,38132,0.013742816304259293,38338,0.013807494612131061,37814,0.013646809849781876,38101,0.013759468414542762,38522,0.013904655543760393,38233,0.013797560950084031,38480,0.013868855696863145,38006,0.013707819942306403
GTG,42310,0.015283405855159115,42936,0.015473664749516988,42784,0.015419402411660274,42774,0.015405127407253742,42550,0.015355999341731074,42328,0.015285970946976878,42324,0.015277001226159465,42777,0.015437403938004985,42939,0.01547595620497938,42632,0.015376303209503934
TAG,35227,0.012724853180328295,35045,0.012629834664310204,34979,0.012606471507046203,35202,0.012678058984199426,35143,0.012682864509199886,34849,0.012585069021243556,35016,0.012639152134372928,35137,0.012680273562187185,35447,0.012775710184166005,35078,0.012651763088360364
TCG,6345,0.002291969041621002,6327,0.0022801815928403667,6503,0.002343688619180693,6336,0.0022819209625557515,6622,0.002389833787096197,6349,0.0022928234157615812,6386,0.0023050498495003863,6534,0.002357996057014858,6376,0.002298020372224517,6504,0.002345831208355545
TGG,51832,0.018722984927549216,52264,0.018835373916265042,52542,0.018936196744424413,52471,0.018897518122831886,52398,0.01891007411299706,52273,0.018877422966152958,52342,0.018893034641802257,52414,0.018915213549491394,52373,0.018876132521097023,52107,0.018793700303472074
TTG,52075,0.018810762465313425,51964,0.018727257197780435,52594,0.018954937603750478,52351,0.018854299922783483,52104,0.01880397155585325,52204,0.018852504897844947,52161,0.01882770203567016,52087,0.018797205482358876,52138,0.018791434467854747,52174,0.018817865538859502
